Ремонт телефона Lg Nexus 4/ e960		Ремонт цифровой техники -> Планшеты и телефоны
	OK found	Ремонт цифровой техники -> Планшеты и телефоны = 1.000
		электроника(1;1.0), телефон(1;1.0), производитель электроники(1;1.0), производитель телефонов(1;1.0), производитель наушников(1;1.0), производитель смарт-часов(1;1.0), производитель тв(1;1.0), производитель планшетов(1;1.0), ремонт(1;1.0)
Ремонт планшета ASUS К012		Ремонт цифровой техники -> Планшеты и телефоны
	OK found	Ремонт цифровой техники -> Планшеты и телефоны = 1.000
		ремонт(1;1.0), производитель электроники(1;1.0), производитель телефонов(1;1.0), производитель наушников(1;1.0), производитель смарт-часов(1;1.0), производитель планшетов(1;1.0), гаджет(1;1.0), электроника(1;1.0)
Заменить стекло на iPhone 5c		Ремонт цифровой техники -> Планшеты и телефоны
	OK found	Ремонт цифровой техники -> Планшеты и телефоны = 1.000
		замена(1;1.0), glass(1;1.0), гаджет(1;1.0)
Заменить дисплей на IPad		Ремонт цифровой техники -> Планшеты и телефоны
	OK found	Ремонт цифровой техники -> Планшеты и телефоны = 1.000
		гаджет(1;1.0), замена(1;1.0), экран(1;1.0)
Ремонт планшета PocketBook SurfPad 2		Ремонт цифровой техники -> Планшеты и телефоны
	OK found	Ремонт цифровой техники -> Планшеты и телефоны = 1.000
		производитель электроники(1;1.0), производитель планшетов(1;1.0), ремонт(1;1.0), электроника(1;1.0)
Заменить стекло на iPhone 6		Ремонт цифровой техники -> Планшеты и телефоны
	OK found	Ремонт цифровой техники -> Планшеты и телефоны = 1.000
		замена(1;1.0), glass(1;1.0), гаджет(1;1.0)
Отремонтировать ( поменять ) экран iPhone 5		Ремонт цифровой техники -> Планшеты и телефоны
	OK found	Ремонт цифровой техники -> Планшеты и телефоны = 1.000
		замена(1;1.0), ремонт(1;1.0), экран(1;1.0), гаджет(1;1.0)
Ремонт телефона iPhone 4S		Ремонт цифровой техники -> Планшеты и телефоны
	OK found	Ремонт цифровой техники -> Планшеты и телефоны = 1.000
		электроника(1;1.0), телефон(1;1.0), гаджет(1;1.0), ремонт(1;1.0)
Заменить экран и аккумулятор на iPhone 5		Ремонт цифровой техники -> Планшеты и телефоны
	OK found	Ремонт цифровой техники -> Планшеты и телефоны = 1.000
		гаджет(1;1.0), замена(1;1.0), экран(1;1.0)
Заменить стекло на iPad		Ремонт цифровой техники -> Планшеты и телефоны
	OK found	Ремонт цифровой техники -> Планшеты и телефоны = 1.000
		гаджет(1;1.0), замена(1;1.0), glass(1;1.0)
Ремонт телефона iPhone 5s		Ремонт цифровой техники -> Планшеты и телефоны
	OK found	Ремонт цифровой техники -> Планшеты и телефоны = 1.000
		электроника(1;1.0), телефон(1;1.0), ремонт(1;1.0), гаджет(1;1.0)
Заменить аккумулятор в iPhone 5		Ремонт цифровой техники -> Планшеты и телефоны
	OK found	Ремонт цифровой техники -> Планшеты и телефоны = 1.000
		замена(1;1.0), гаджет(1;1.0)
Ремонт планшета Prestigio		Ремонт цифровой техники -> Планшеты и телефоны
	OK found	Ремонт цифровой техники -> Планшеты и телефоны = 1.000
		ремонт(1;1.0), производитель электроники(1;1.0), производитель телефонов(1;1.0), производитель наушников(1;1.0), производитель смарт-часов(1;1.0), производитель планшетов(1;1.0), электроника(1;1.0)
Ремонт телефона 3 шт. в Щелково		Ремонт цифровой техники -> Планшеты и телефоны
	OK found	Ремонт цифровой техники -> Планшеты и телефоны = 1.000
		электроника(1;1.0), телефон(1;1.0), ремонт(1;1.0)
Ремонт планшеты Lenovo Yoga		Ремонт цифровой техники -> Планшеты и телефоны
	OK found	Ремонт цифровой техники -> Планшеты и телефоны = 1.000
		производитель электроники(1;1.0), производитель телефонов(1;1.0), производитель наушников(1;1.0), производитель планшетов(1;1.0), гаджет(1;1.0), ремонт(1;1.0), электроника(1;1.0)
Ремонт сотового телефона iPhone 6		Ремонт цифровой техники -> Планшеты и телефоны
	OK found	Ремонт цифровой техники -> Планшеты и телефоны = 1.000
		электроника(1;1.0), телефон(1;1.0), ремонт(1;1.0), гаджет(1;1.0)
Ремонт китайского телефона Iphone 6		Ремонт цифровой техники -> Планшеты и телефоны
	OK found	Ремонт цифровой техники -> Планшеты и телефоны = 1.000
		электроника(1;1.0), телефон(1;1.0), ремонт(1;1.0), language(1;1.0), гаджет(1;1.0)
Ремонт гнезда для наушников		Ремонт цифровой техники -> Планшеты и телефоны
	OK found	Ремонт цифровой техники -> Планшеты и телефоны = 1.000
		ремонт(1;1.0), аудио(1;1.0)
Замена разъема зарядки на планшете		Ремонт цифровой техники -> Планшеты и телефоны
	OK found	Ремонт цифровой техники -> Планшеты и телефоны = 1.000
		замена(1;1.0), электроника(1;1.0)
Ремонт двух iPhone S		Ремонт цифровой техники -> Планшеты и телефоны
	OK found	Ремонт цифровой техники -> Планшеты и телефоны = 1.000
		ремонт(1;1.0), гаджет(1;1.0)
Ремонт телефона HTC One		Ремонт цифровой техники -> Планшеты и телефоны
	OK found	Ремонт цифровой техники -> Планшеты и телефоны = 1.000
		электроника(1;1.0), телефон(1;1.0), производитель электроники(1;1.0), производитель телефонов(1;1.0), производитель наушников(1;1.0), производитель планшетов(1;1.0), гаджет(1;1.0), ремонт(1;1.0)
Перепрошить телефона Lenovo k900		Ремонт цифровой техники -> Планшеты и телефоны
	OK found	Ремонт цифровой техники -> Планшеты и телефоны = 1.000
		электроника(1;1.0), телефон(1;1.0), прошить(1;1.0), производитель электроники(1;1.0), производитель телефонов(1;1.0), производитель наушников(1;1.0), производитель планшетов(1;1.0), гаджет(1;1.0)
Ремонт телефона HTC One M7		Ремонт цифровой техники -> Планшеты и телефоны
	OK found	Ремонт цифровой техники -> Планшеты и телефоны = 1.000
		электроника(1;1.0), телефон(1;1.0), производитель электроники(1;1.0), производитель телефонов(1;1.0), производитель наушников(1;1.0), производитель планшетов(1;1.0), гаджет(1;1.0), ремонт(1;1.0)
Отремонтировать два iPhone 6 и 5S		Ремонт цифровой техники -> Планшеты и телефоны
	OK found	Ремонт цифровой техники -> Планшеты и телефоны = 1.000
		ремонт(1;1.0), гаджет(1;1.0)
Отремонтировать телефон: Заменить экран и батарею на iphone 4		Ремонт цифровой техники -> Планшеты и телефоны
	OK found	Ремонт цифровой техники -> Планшеты и телефоны = 1.000
		ремонт(1;1.0), замена(1;1.0), электроника(1;1.0), телефон(1;1.0), экран(1;1.0), гаджет(1;1.0)
Отремонтировать телефон Samsung Galaxy S4 (матрицу + стекло)		Ремонт цифровой техники -> Планшеты и телефоны
	OK found	Ремонт цифровой техники -> Планшеты и телефоны = 1.000
		электроника(1;1.0), телефон(1;1.0), производитель электроники(1;1.0), производитель телефонов(1;1.0), производитель фото(1;1.0), производитель наушников(1;1.0), производитель смарт-часов(1;1.0), производитель тв(1;1.0), производитель планшетов(1;1.0), гаджет(1;1.0), ремонт(1;1.0), glass(1;1.0)
Ремонт телефона iPhone 5S		Ремонт цифровой техники -> Планшеты и телефоны
	OK found	Ремонт цифровой техники -> Планшеты и телефоны = 1.000
		электроника(1;1.0), телефон(1;1.0), ремонт(1;1.0), гаджет(1;1.0)
Ремонт планшетов HP Slate 7 и Asus Fonepad HD 7 ME372CG		Ремонт цифровой техники -> Планшеты и телефоны
	OK found	Ремонт цифровой техники -> Планшеты и телефоны = 1.000
		электроника(1;1.0), производитель электроники(1;1.0), производитель телефонов(1;1.0), производитель фото(1;1.0), производитель наушников(1;1.0), производитель планшетов(1;1.0), ремонт(1;1.0), производитель электроники(1;1.0), производитель телефонов(1;1.0), производитель наушников(1;1.0), производитель смарт-часов(1;1.0), производитель планшетов(1;1.0), гаджет(1;1.0)
Ремонт сотового телефона iPhone 6 в Клину		Ремонт цифровой техники -> Планшеты и телефоны
	OK found	Ремонт цифровой техники -> Планшеты и телефоны = 1.000
		электроника(1;1.0), телефон(1;1.0), ремонт(1;1.0), гаджет(1;1.0)
Замена стекла и корпуса Iphone		Ремонт цифровой техники -> Планшеты и телефоны
	OK found	Ремонт цифровой техники -> Планшеты и телефоны = 1.000
		замена(1;1.0), гаджет(1;1.0), glass(1;1.0)
Ремонт iPhone		Ремонт цифровой техники -> Планшеты и телефоны
	OK found	Ремонт цифровой техники -> Планшеты и телефоны = 1.000
		ремонт(1;1.0), гаджет(1;1.0)
Ремонт телефона Xperia Z		Ремонт цифровой техники -> Планшеты и телефоны
	OK found	Ремонт цифровой техники -> Планшеты и телефоны = 1.000
		электроника(1;1.0), телефон(1;1.0), ремонт(1;1.0)
Ремонт планшета Apple IPad mini		Ремонт цифровой техники -> Планшеты и телефоны
	OK found	Ремонт цифровой техники -> Планшеты и телефоны = 1.000
		гаджет(1;1.0), производитель наушников(1;1.0), ремонт(1;1.0), производитель электроники(1;1.0), производитель телефонов(1;1.0), производитель наушников(1;1.0), производитель смарт-часов(1;1.0), производитель планшетов(1;1.0), гаджет(1;1.0), электроника(1;1.0)
Заменить стекло iPhone 5		Ремонт цифровой техники -> Планшеты и телефоны
	OK found	Ремонт цифровой техники -> Планшеты и телефоны = 1.000
		glass(1;1.0), замена(1;1.0), гаджет(1;1.0)
Поменять стекло на iPhone 5		Ремонт цифровой техники -> Планшеты и телефоны
	OK found	Ремонт цифровой техники -> Планшеты и телефоны = 1.000
		замена(1;1.0), гаджет(1;1.0), glass(1;1.0)
Ремонт телефона Sony Xperia SP		Ремонт цифровой техники -> Планшеты и телефоны
	OK found	Ремонт цифровой техники -> Планшеты и телефоны = 1.000
		электроника(1;1.0), телефон(1;1.0), ремонт(1;1.0), производитель электроники(1;1.0), производитель телефонов(1;1.0), производитель фото(1;1.0), производитель наушников(1;1.0), производитель смарт-часов(1;1.0), производитель тв(1;1.0), производитель планшетов(1;1.0), гаджет(1;1.0)
Купить и поменять дисплей Sony Xperia Z3		Ремонт цифровой техники -> Планшеты и телефоны
	OK found	Ремонт цифровой техники -> Планшеты и телефоны = 1.000
		замена(1;1.0), производитель электроники(1;1.0), производитель телефонов(1;1.0), производитель фото(1;1.0), производитель наушников(1;1.0), производитель смарт-часов(1;1.0), производитель тв(1;1.0), производитель планшетов(1;1.0), гаджет(1;1.0), экран(1;1.0), купить(1;1.0)
Заменить тачскрин на Sony c2305		Ремонт цифровой техники -> Планшеты и телефоны
	OK found	Ремонт цифровой техники -> Планшеты и телефоны = 1.000
		замена(1;1.0), экран(1;1.0), производитель электроники(1;1.0), производитель телефонов(1;1.0), производитель фото(1;1.0), производитель наушников(1;1.0), производитель смарт-часов(1;1.0), производитель тв(1;1.0), производитель планшетов(1;1.0), гаджет(1;1.0)
Ремонт утопленного iPhone 6		Ремонт цифровой техники -> Планшеты и телефоны
	OK found	Ремонт цифровой техники -> Планшеты и телефоны = 1.000
		ремонт(1;1.0), гаджет(1;1.0)
Ремонт планшета Lenovo TAB A8		Ремонт цифровой техники -> Планшеты и телефоны
	OK found	Ремонт цифровой техники -> Планшеты и телефоны = 1.000
		производитель электроники(1;1.0), производитель телефонов(1;1.0), производитель наушников(1;1.0), производитель планшетов(1;1.0), гаджет(1;1.0), ремонт(1;1.0), электроника(1;1.0)
Заменить дисплейный модуль Sony Z3		Ремонт цифровой техники -> Планшеты и телефоны
	OK found	Ремонт цифровой техники -> Планшеты и телефоны = 1.000
		замена(1;1.0), производитель электроники(1;1.0), производитель телефонов(1;1.0), производитель фото(1;1.0), производитель наушников(1;1.0), производитель смарт-часов(1;1.0), производитель тв(1;1.0), производитель планшетов(1;1.0), гаджет(1;1.0)
Отремонтировать домашний радио телефон		Ремонт цифровой техники -> Планшеты и телефоны
	OK found	Ремонт цифровой техники -> Планшеты и телефоны = 1.000
		электроника(1;1.0), телефон(1;1.0), ремонт(1;1.0)
Заменить переднее стекло и батарейку Apple iPhone 5s		Ремонт цифровой техники -> Планшеты и телефоны
	OK found	Ремонт цифровой техники -> Планшеты и телефоны = 1.000
		замена(1;1.0), гаджет(1;1.0), производитель электроники(1;1.0), производитель телефонов(1;1.0), производитель наушников(1;1.0), производитель смарт-часов(1;1.0), производитель планшетов(1;1.0), гаджет(1;1.0), glass(1;1.0)
Замена гнезда зарядки на телефона THL W300		Ремонт цифровой техники -> Планшеты и телефоны
	OK found	Ремонт цифровой техники -> Планшеты и телефоны = 1.000
		замена(1;1.0), электроника(1;1.0), телефон(1;1.0), производитель телефонов(1;1.0)
Отремонтировать телефон Samsung Galaxy S 4		Ремонт цифровой техники -> Планшеты и телефоны
	OK found	Ремонт цифровой техники -> Планшеты и телефоны = 1.000
		электроника(1;1.0), телефон(1;1.0), производитель электроники(1;1.0), производитель телефонов(1;1.0), производитель фото(1;1.0), производитель наушников(1;1.0), производитель смарт-часов(1;1.0), производитель тв(1;1.0), производитель планшетов(1;1.0), гаджет(1;1.0), ремонт(1;1.0)
Заменить экран 4s черный		Ремонт цифровой техники -> Планшеты и телефоны
	OK found	Ремонт цифровой техники -> Планшеты и телефоны = 1.000
		замена(1;1.0), экран(1;1.0)
Ремонт IPhone 6		Ремонт цифровой техники -> Планшеты и телефоны
	OK found	Ремонт цифровой техники -> Планшеты и телефоны = 1.000
		гаджет(1;1.0), ремонт(1;1.0)
Ремонт IPhone 4		Ремонт цифровой техники -> Планшеты и телефоны
	OK found	Ремонт цифровой техники -> Планшеты и телефоны = 1.000
		ремонт(1;1.0), гаджет(1;1.0)
Прошить iPad mini		Ремонт цифровой техники -> Планшеты и телефоны
	OK found	Ремонт цифровой техники -> Планшеты и телефоны = 1.000
		гаджет(1;1.0), производитель наушников(1;1.0), прошить(1;1.0)
Заменить стекло Samsung N7100 Note 2		Ремонт цифровой техники -> Планшеты и телефоны
	OK found	Ремонт цифровой техники -> Планшеты и телефоны = 1.000
		производитель электроники(1;1.0), производитель телефонов(1;1.0), производитель фото(1;1.0), производитель наушников(1;1.0), производитель смарт-часов(1;1.0), производитель тв(1;1.0), производитель планшетов(1;1.0), гаджет(1;1.0), замена(1;1.0), glass(1;1.0)
Ремонт Apple iPhone 4		Ремонт цифровой техники -> Планшеты и телефоны
	OK found	Ремонт цифровой техники -> Планшеты и телефоны = 1.000
		ремонт(1;1.0), производитель электроники(1;1.0), производитель телефонов(1;1.0), производитель наушников(1;1.0), производитель смарт-часов(1;1.0), производитель планшетов(1;1.0), гаджет(1;1.0), гаджет(1;1.0)
Ремонт Apple iPhone 5		Ремонт цифровой техники -> Планшеты и телефоны
	OK found	Ремонт цифровой техники -> Планшеты и телефоны = 1.000
		ремонт(1;1.0), производитель электроники(1;1.0), производитель телефонов(1;1.0), производитель наушников(1;1.0), производитель смарт-часов(1;1.0), производитель планшетов(1;1.0), гаджет(1;1.0), гаджет(1;1.0)
Ремонт телефона Sony Experia Z3		Ремонт цифровой техники -> Планшеты и телефоны
	OK found	Ремонт цифровой техники -> Планшеты и телефоны = 1.000
		электроника(1;1.0), телефон(1;1.0), ремонт(1;1.0), производитель электроники(1;1.0), производитель телефонов(1;1.0), производитель фото(1;1.0), производитель наушников(1;1.0), производитель смарт-часов(1;1.0), производитель тв(1;1.0), производитель планшетов(1;1.0), гаджет(1;1.0)
Ремонт экрана телефона		Ремонт цифровой техники -> Планшеты и телефоны
	OK found	Ремонт цифровой техники -> Планшеты и телефоны = 1.000
		электроника(1;1.0), телефон(1;1.0), ремонт(1;1.0), экран(1;1.0)
Ремонт телефона IPhone 4		Ремонт цифровой техники -> Планшеты и телефоны
	OK found	Ремонт цифровой техники -> Планшеты и телефоны = 1.000
		электроника(1;1.0), телефон(1;1.0), ремонт(1;1.0), гаджет(1;1.0)
Заменить батарею на iPhone 5		Ремонт цифровой техники -> Планшеты и телефоны
	OK found	Ремонт цифровой техники -> Планшеты и телефоны = 1.000
		гаджет(1;1.0), замена(1;1.0)
Ремонт телефона HTC Desire 601		Ремонт цифровой техники -> Планшеты и телефоны
	OK found	Ремонт цифровой техники -> Планшеты и телефоны = 1.000
		электроника(1;1.0), телефон(1;1.0), производитель электроники(1;1.0), производитель телефонов(1;1.0), производитель наушников(1;1.0), производитель планшетов(1;1.0), гаджет(1;1.0), ремонт(1;1.0)
Ремонт динамика телефона Lenovo S860		Ремонт цифровой техники -> Планшеты и телефоны
	OK found	Ремонт цифровой техники -> Планшеты и телефоны = 1.000
		электроника(1;1.0), телефон(1;1.0), производитель электроники(1;1.0), производитель телефонов(1;1.0), производитель наушников(1;1.0), производитель планшетов(1;1.0), гаджет(1;1.0), ремонт(1;1.0)
Ремонт планшета ASUS Fonepad 7 FE170CG		Ремонт цифровой техники -> Планшеты и телефоны
	OK found	Ремонт цифровой техники -> Планшеты и телефоны = 1.000
		ремонт(1;1.0), производитель электроники(1;1.0), производитель телефонов(1;1.0), производитель наушников(1;1.0), производитель смарт-часов(1;1.0), производитель планшетов(1;1.0), гаджет(1;1.0), электроника(1;1.0)
Ремонт телефона Highscreen Zera S		Ремонт цифровой техники -> Планшеты и телефоны
	OK found	Ремонт цифровой техники -> Планшеты и телефоны = 1.000
		электроника(1;1.0), телефон(1;1.0), производитель электроники(1;1.0), производитель телефонов(1;1.0), производитель планшетов(1;1.0), ремонт(1;1.0)
Заменить Экран iphone 5c		Ремонт цифровой техники -> Планшеты и телефоны
	OK found	Ремонт цифровой техники -> Планшеты и телефоны = 1.000
		замена(1;1.0), экран(1;1.0), гаджет(1;1.0)
Ремонт iPhone 6		Ремонт цифровой техники -> Планшеты и телефоны
	OK found	Ремонт цифровой техники -> Планшеты и телефоны = 1.000
		гаджет(1;1.0), ремонт(1;1.0)
Ремонт iPhone 5		Ремонт цифровой техники -> Планшеты и телефоны
	OK found	Ремонт цифровой техники -> Планшеты и телефоны = 1.000
		ремонт(1;1.0), гаджет(1;1.0)
Ремонт телефона Samsung Galaxy 4s		Ремонт цифровой техники -> Планшеты и телефоны
	OK found	Ремонт цифровой техники -> Планшеты и телефоны = 1.000
		электроника(1;1.0), телефон(1;1.0), производитель электроники(1;1.0), производитель телефонов(1;1.0), производитель фото(1;1.0), производитель наушников(1;1.0), производитель смарт-часов(1;1.0), производитель тв(1;1.0), производитель планшетов(1;1.0), гаджет(1;1.0), ремонт(1;1.0)
Ремонт телефона Sony Xperia Z1		Ремонт цифровой техники -> Планшеты и телефоны
	OK found	Ремонт цифровой техники -> Планшеты и телефоны = 1.000
		электроника(1;1.0), телефон(1;1.0), ремонт(1;1.0), производитель электроники(1;1.0), производитель телефонов(1;1.0), производитель фото(1;1.0), производитель наушников(1;1.0), производитель смарт-часов(1;1.0), производитель тв(1;1.0), производитель планшетов(1;1.0), гаджет(1;1.0)
Ремонт телефона Sony Xperia Z3		Ремонт цифровой техники -> Планшеты и телефоны
	OK found	Ремонт цифровой техники -> Планшеты и телефоны = 1.000
		электроника(1;1.0), телефон(1;1.0), ремонт(1;1.0), производитель электроники(1;1.0), производитель телефонов(1;1.0), производитель фото(1;1.0), производитель наушников(1;1.0), производитель смарт-часов(1;1.0), производитель тв(1;1.0), производитель планшетов(1;1.0), гаджет(1;1.0)
Ремонт планшета		Ремонт цифровой техники -> Планшеты и телефоны
	OK found	Ремонт цифровой техники -> Планшеты и телефоны = 1.000
		ремонт(1;1.0), электроника(1;1.0)
Замена дисплея Sony Xperia Z C6603 black		Ремонт цифровой техники -> Планшеты и телефоны
	OK found	Ремонт цифровой техники -> Планшеты и телефоны = 1.000
		замена(1;1.0), производитель электроники(1;1.0), производитель телефонов(1;1.0), производитель фото(1;1.0), производитель наушников(1;1.0), производитель смарт-часов(1;1.0), производитель тв(1;1.0), производитель планшетов(1;1.0), гаджет(1;1.0)
Ремонт телефона		Ремонт цифровой техники -> Планшеты и телефоны
	OK found	Ремонт цифровой техники -> Планшеты и телефоны = 1.000
		электроника(1;1.0), телефон(1;1.0), ремонт(1;1.0)
Мастер на ремонт телефонов и планшетов		Ремонт цифровой техники -> Планшеты и телефоны
	OK found	Ремонт цифровой техники -> Планшеты и телефоны = 1.000
		электроника(1;1.0), телефон(1;1.0), master(1;1.0), ремонт(1;1.0), электроника(1;1.0)
Поменять разбитое стекло на iphope 5 (или 5s)		Ремонт цифровой техники -> Планшеты и телефоны
	OK found	Ремонт цифровой техники -> Планшеты и телефоны = 1.000
		замена(1;1.0), glass(1;1.0)
Ремонт телефона Samsung		Ремонт цифровой техники -> Планшеты и телефоны
	OK found	Ремонт цифровой техники -> Планшеты и телефоны = 1.000
		электроника(1;1.0), телефон(1;1.0), производитель электроники(1;1.0), производитель телефонов(1;1.0), производитель фото(1;1.0), производитель наушников(1;1.0), производитель смарт-часов(1;1.0), производитель тв(1;1.0), производитель планшетов(1;1.0), гаджет(1;1.0), ремонт(1;1.0)
Ремонт Apple iPhone 4S		Ремонт цифровой техники -> Планшеты и телефоны
	OK found	Ремонт цифровой техники -> Планшеты и телефоны = 1.000
		ремонт(1;1.0), производитель электроники(1;1.0), производитель телефонов(1;1.0), производитель наушников(1;1.0), производитель смарт-часов(1;1.0), производитель планшетов(1;1.0), гаджет(1;1.0), гаджет(1;1.0)
Заменить стекло на айпед 1		Ремонт цифровой техники -> Планшеты и телефоны
	OK found	Ремонт цифровой техники -> Планшеты и телефоны = 1.000
		замена(1;1.0), glass(1;1.0)
Ремонт телефона Apple iPhone 5S		Ремонт цифровой техники -> Планшеты и телефоны
	OK found	Ремонт цифровой техники -> Планшеты и телефоны = 1.000
		электроника(1;1.0), телефон(1;1.0), ремонт(1;1.0), производитель электроники(1;1.0), производитель телефонов(1;1.0), производитель наушников(1;1.0), производитель смарт-часов(1;1.0), производитель планшетов(1;1.0), гаджет(1;1.0), гаджет(1;1.0)
Замена разъема зарядки планшета ASUS NEXUS 7		Ремонт цифровой техники -> Планшеты и телефоны
	OK found	Ремонт цифровой техники -> Планшеты и телефоны = 1.000
		замена(1;1.0), производитель электроники(1;1.0), производитель телефонов(1;1.0), производитель наушников(1;1.0), производитель смарт-часов(1;1.0), производитель планшетов(1;1.0), гаджет(1;1.0), электроника(1;1.0)
Ремонт телефона Nokia Lumia 820		Ремонт цифровой техники -> Планшеты и телефоны
	OK found	Ремонт цифровой техники -> Планшеты и телефоны = 1.000
		электроника(1;1.0), телефон(1;1.0), производитель телефонов(1;1.0), производитель наушников(1;1.0), производитель планшетов(1;1.0), ремонт(1;1.0)
Ремонт Apple iPod nano 6		Ремонт цифровой техники -> Планшеты и телефоны
	OK found	Ремонт цифровой техники -> Планшеты и телефоны = 1.000
		ремонт(1;1.0), производитель электроники(1;1.0), производитель телефонов(1;1.0), производитель наушников(1;1.0), производитель смарт-часов(1;1.0), производитель планшетов(1;1.0), гаджет(1;1.0)
Ремонт Iphone 5s		Ремонт цифровой техники -> Планшеты и телефоны
	OK found	Ремонт цифровой техники -> Планшеты и телефоны = 1.000
		ремонт(1;1.0), гаджет(1;1.0)
Ремонт телефона Lenovo P780		Ремонт цифровой техники -> Планшеты и телефоны
	OK found	Ремонт цифровой техники -> Планшеты и телефоны = 1.000
		электроника(1;1.0), телефон(1;1.0), производитель электроники(1;1.0), производитель телефонов(1;1.0), производитель наушников(1;1.0), производитель планшетов(1;1.0), гаджет(1;1.0), ремонт(1;1.0)
Починить 5 IPhone		Ремонт цифровой техники -> Планшеты и телефоны
	OK found	Ремонт цифровой техники -> Планшеты и телефоны = 1.000
		ремонт(1;1.0), гаджет(1;1.0)
Ремонт 5 iPhone		Ремонт цифровой техники -> Планшеты и телефоны
	OK found	Ремонт цифровой техники -> Планшеты и телефоны = 1.000
		ремонт(1;1.0), гаджет(1;1.0)
Ремонт телефона HTC ONE		Ремонт цифровой техники -> Планшеты и телефоны
	OK found	Ремонт цифровой техники -> Планшеты и телефоны = 1.000
		электроника(1;1.0), телефон(1;1.0), производитель электроники(1;1.0), производитель телефонов(1;1.0), производитель наушников(1;1.0), производитель планшетов(1;1.0), гаджет(1;1.0), ремонт(1;1.0)
Ремонт и прошивка iPhone 3GS		Ремонт цифровой техники -> Планшеты и телефоны
	OK found	Ремонт цифровой техники -> Планшеты и телефоны = 1.000
		ремонт(1;1.0), прошивка(1;1.0), гаджет(1;1.0)
Перенести контакты с iPhone в Gmail и обратно		Ремонт цифровой техники -> Планшеты и телефоны
	OK found	Ремонт цифровой техники -> Планшеты и телефоны = 1.000
		принести/перенести(1;1.0), гаджет(1;1.0)
Заменить экран на Apple iPhone 5		Ремонт цифровой техники -> Планшеты и телефоны
	OK found	Ремонт цифровой техники -> Планшеты и телефоны = 1.000
		замена(1;1.0), гаджет(1;1.0), экран(1;1.0), производитель электроники(1;1.0), производитель телефонов(1;1.0), производитель наушников(1;1.0), производитель смарт-часов(1;1.0), производитель планшетов(1;1.0), гаджет(1;1.0)
Ремонт телефона HTC Butterfly X920e		Ремонт цифровой техники -> Планшеты и телефоны
	OK found	Ремонт цифровой техники -> Планшеты и телефоны = 1.000
		электроника(1;1.0), телефон(1;1.0), производитель электроники(1;1.0), производитель телефонов(1;1.0), производитель наушников(1;1.0), производитель планшетов(1;1.0), гаджет(1;1.0), ремонт(1;1.0)
Ремонт планшета MegaFon Login 3T		Ремонт цифровой техники -> Планшеты и телефоны
	OK found	Ремонт цифровой техники -> Планшеты и телефоны = 1.000
		ремонт(1;1.0), электроника(1;1.0)
Поменять экран смартфона Samsung SIII mini		Ремонт цифровой техники -> Планшеты и телефоны
	OK found	Ремонт цифровой техники -> Планшеты и телефоны = 1.000
		замена(1;1.0), электроника(1;1.0), телефон(1;1.0), производитель электроники(1;1.0), производитель телефонов(1;1.0), производитель фото(1;1.0), производитель наушников(1;1.0), производитель смарт-часов(1;1.0), производитель тв(1;1.0), производитель планшетов(1;1.0), гаджет(1;1.0), экран(1;1.0), производитель наушников(1;1.0)
Заменить дисплей на айфон 5		Ремонт цифровой техники -> Планшеты и телефоны
	OK found	Ремонт цифровой техники -> Планшеты и телефоны = 1.000
		замена(1;1.0), экран(1;1.0)
Ремонт блока питания HP		Ремонт цифровой техники -> Планшеты и телефоны
	OK found	Ремонт цифровой техники -> Планшеты и телефоны = 1.000
		ремонт(1;1.0), производитель электроники(1;1.0), производитель телефонов(1;1.0), производитель фото(1;1.0), производитель наушников(1;1.0), производитель планшетов(1;1.0), запчасти(1;1.0)
Отремонтировать телефон iPhone 5		Ремонт цифровой техники -> Планшеты и телефоны
	OK found	Ремонт цифровой техники -> Планшеты и телефоны = 1.000
		электроника(1;1.0), телефон(1;1.0), ремонт(1;1.0), гаджет(1;1.0)
Отремонтировать телефон		Ремонт цифровой техники -> Планшеты и телефоны
	OK found	Ремонт цифровой техники -> Планшеты и телефоны = 1.000
		электроника(1;1.0), телефон(1;1.0), ремонт(1;1.0)
Ремонт экрана iPhone 4S		Ремонт цифровой техники -> Планшеты и телефоны
	OK found	Ремонт цифровой техники -> Планшеты и телефоны = 1.000
		ремонт(1;1.0), экран(1;1.0), гаджет(1;1.0)
Отремонтировать iPhone 4		Ремонт цифровой техники -> Планшеты и телефоны
	OK found	Ремонт цифровой техники -> Планшеты и телефоны = 1.000
		ремонт(1;1.0), гаджет(1;1.0)
Ремонт планшета iPad 2		Ремонт цифровой техники -> Планшеты и телефоны
	OK found	Ремонт цифровой техники -> Планшеты и телефоны = 1.000
		гаджет(1;1.0), ремонт(1;1.0), электроника(1;1.0)
Ремонт смартфона		Ремонт цифровой техники -> Планшеты и телефоны
	OK found	Ремонт цифровой техники -> Планшеты и телефоны = 1.000
		электроника(1;1.0), телефон(1;1.0), ремонт(1;1.0)
Ремонт планшета Samsung Galaxy Tab 2		Ремонт цифровой техники -> Планшеты и телефоны
	OK found	Ремонт цифровой техники -> Планшеты и телефоны = 1.000
		производитель электроники(1;1.0), производитель телефонов(1;1.0), производитель фото(1;1.0), производитель наушников(1;1.0), производитель смарт-часов(1;1.0), производитель тв(1;1.0), производитель планшетов(1;1.0), гаджет(1;1.0), ремонт(1;1.0), электроника(1;1.0)
Собрать из двух один iPad4		Ремонт цифровой техники -> Планшеты и телефоны
	OK found	Ремонт цифровой техники -> Планшеты и телефоны = 1.000
		собрать(1;1.0)
Планшет Irbis TG 97. Отходит usb-вход		Ремонт цифровой техники -> Планшеты и телефоны
	OK found	Ремонт цифровой техники -> Планшеты и телефоны = 1.000
		производитель телефонов(1;1.0), производитель тв(1;1.0), производитель планшетов(1;1.0), электроника(1;1.0)
Поменять корпус на iPhone 5c		Ремонт цифровой техники -> Планшеты и телефоны
	OK found	Ремонт цифровой техники -> Планшеты и телефоны = 1.000
		замена(1;1.0), гаджет(1;1.0)
Замена стекла на планшете Acer Iconia A3-A11		Ремонт цифровой техники -> Планшеты и телефоны
	OK found	Ремонт цифровой техники -> Планшеты и телефоны = 1.000
		замена(1;1.0), производитель электроники(1;1.0), производитель телефонов(1;1.0), производитель планшетов(1;1.0), glass(1;1.0), производитель наушников(1;1.0), электроника(1;1.0)
Отремонтировать планшет		Ремонт цифровой техники -> Планшеты и телефоны
	OK found	Ремонт цифровой техники -> Планшеты и телефоны = 1.000
		ремонт(1;1.0), электроника(1;1.0)
Отремонтировать iPhone 4S Белый		Ремонт цифровой техники -> Планшеты и телефоны
	OK found	Ремонт цифровой техники -> Планшеты и телефоны = 1.000
		ремонт(1;1.0), гаджет(1;1.0)
Заменить батарейку на Iphone 4S		Ремонт цифровой техники -> Планшеты и телефоны
	OK found	Ремонт цифровой техники -> Планшеты и телефоны = 1.000
		замена(1;1.0), гаджет(1;1.0)
Ремонт iPhone 4G		Ремонт цифровой техники -> Планшеты и телефоны
	OK found	Ремонт цифровой техники -> Планшеты и телефоны = 1.000
		ремонт(1;1.0), гаджет(1;1.0)
Ремонт телефона iPhone 6		Ремонт цифровой техники -> Планшеты и телефоны
	OK found	Ремонт цифровой техники -> Планшеты и телефоны = 1.000
		электроника(1;1.0), телефон(1;1.0), ремонт(1;1.0), гаджет(1;1.0)
Ремонт телефона iPhone 5		Ремонт цифровой техники -> Планшеты и телефоны
	OK found	Ремонт цифровой техники -> Планшеты и телефоны = 1.000
		электроника(1;1.0), телефон(1;1.0), ремонт(1;1.0), гаджет(1;1.0)
Заменить дисплей на LG		Ремонт цифровой техники -> Планшеты и телефоны
	OK found	Ремонт цифровой техники -> Планшеты и телефоны = 1.000
		производитель электроники(1;1.0), производитель телефонов(1;1.0), производитель наушников(1;1.0), производитель смарт-часов(1;1.0), производитель тв(1;1.0), производитель планшетов(1;1.0), замена(1;1.0), экран(1;1.0)
Замена стекла экрана IPhone 6		Ремонт цифровой техники -> Планшеты и телефоны
	OK found	Ремонт цифровой техники -> Планшеты и телефоны = 1.000
		замена(1;1.0), экран(1;1.0), glass(1;1.0), гаджет(1;1.0)
Ремонт телефона Samsyng galaxy s3 mini		Ремонт цифровой техники -> Планшеты и телефоны
	OK found	Ремонт цифровой техники -> Планшеты и телефоны = 1.000
		электроника(1;1.0), телефон(1;1.0), ремонт(1;1.0), производитель наушников(1;1.0)
Заменить экран на iPhone 5 черный		Ремонт цифровой техники -> Планшеты и телефоны
	OK found	Ремонт цифровой техники -> Планшеты и телефоны = 1.000
		гаджет(1;1.0), замена(1;1.0), экран(1;1.0)
Отремонтировать iPhone 4s		Ремонт цифровой техники -> Планшеты и телефоны
	OK found	Ремонт цифровой техники -> Планшеты и телефоны = 1.000
		ремонт(1;1.0), гаджет(1;1.0)
Ремонт iPhone 4S		Ремонт цифровой техники -> Планшеты и телефоны
	OK found	Ремонт цифровой техники -> Планшеты и телефоны = 1.000
		ремонт(1;1.0), гаджет(1;1.0)
Ремонт телефона Sony Xperia z 3 compact		Ремонт цифровой техники -> Планшеты и телефоны
	OK found	Ремонт цифровой техники -> Планшеты и телефоны = 1.000
		электроника(1;1.0), телефон(1;1.0), ремонт(1;1.0), производитель электроники(1;1.0), производитель телефонов(1;1.0), производитель фото(1;1.0), производитель наушников(1;1.0), производитель смарт-часов(1;1.0), производитель тв(1;1.0), производитель планшетов(1;1.0), гаджет(1;1.0)
Ремонт сотового телефона Sony Ericsson MT15i		Ремонт цифровой техники -> Планшеты и телефоны
	OK found	Ремонт цифровой техники -> Планшеты и телефоны = 1.000
		электроника(1;1.0), телефон(1;1.0), ремонт(1;1.0), производитель электроники(1;1.0), производитель телефонов(1;1.0), производитель фото(1;1.0), производитель наушников(1;1.0), производитель смарт-часов(1;1.0), производитель тв(1;1.0), производитель планшетов(1;1.0), гаджет(1;1.0), производитель телефонов(1;1.0), производитель наушников(1;1.0)
Замена стекла Samsung Galaxy Tab 3 10.1		Ремонт цифровой техники -> Планшеты и телефоны
	OK found	Ремонт цифровой техники -> Планшеты и телефоны = 1.000
		замена(1;1.0), производитель электроники(1;1.0), производитель телефонов(1;1.0), производитель фото(1;1.0), производитель наушников(1;1.0), производитель смарт-часов(1;1.0), производитель тв(1;1.0), производитель планшетов(1;1.0), гаджет(1;1.0), glass(1;1.0)
Ремонт двух мобильных телефонов Nokia Lumia 620 и Sony Xperia Z		Ремонт цифровой техники -> Планшеты и телефоны
	OK found	Ремонт цифровой техники -> Планшеты и телефоны = 1.000
		производитель телефонов(1;1.0), производитель наушников(1;1.0), производитель планшетов(1;1.0), производитель электроники(1;1.0), производитель телефонов(1;1.0), производитель фото(1;1.0), производитель наушников(1;1.0), производитель смарт-часов(1;1.0), производитель тв(1;1.0), производитель планшетов(1;1.0), гаджет(1;1.0), электроника(1;1.0), телефон(1;1.0), ремонт(1;1.0)
Ремонт экрана телефона HTC Sensation Z710e		Ремонт цифровой техники -> Планшеты и телефоны
	OK found	Ремонт цифровой техники -> Планшеты и телефоны = 1.000
		электроника(1;1.0), телефон(1;1.0), производитель электроники(1;1.0), производитель телефонов(1;1.0), производитель наушников(1;1.0), производитель планшетов(1;1.0), гаджет(1;1.0), ремонт(1;1.0), экран(1;1.0)
USB провод для motorola v3		Ремонт цифровой техники -> Планшеты и телефоны
	OK found	Ремонт цифровой техники -> Планшеты и телефоны = 1.000
		производитель электроники(1;1.0), производитель телефонов(1;1.0), производитель смарт-часов(1;1.0), производитель планшетов(1;1.0), провести(1;1.0)
Ремонт телефона iPhone 6 + Clone		Ремонт цифровой техники -> Планшеты и телефоны
	OK found	Ремонт цифровой техники -> Планшеты и телефоны = 1.000
		электроника(1;1.0), телефон(1;1.0), ремонт(1;1.0), гаджет(1;1.0)
Ремонт iPhone 5c		Ремонт цифровой техники -> Планшеты и телефоны
	OK found	Ремонт цифровой техники -> Планшеты и телефоны = 1.000
		ремонт(1;1.0), гаджет(1;1.0)
Замена гнезда зарядки на телефона Lenovo K910 Vibe Z		Ремонт цифровой техники -> Планшеты и телефоны
	OK found	Ремонт цифровой техники -> Планшеты и телефоны = 1.000
		замена(1;1.0), производитель наушников(1;1.0), производитель электроники(1;1.0), производитель телефонов(1;1.0), производитель наушников(1;1.0), производитель планшетов(1;1.0), гаджет(1;1.0), электроника(1;1.0), телефон(1;1.0)
Ремонт 2-х планшетов		Ремонт цифровой техники -> Планшеты и телефоны
	OK found	Ремонт цифровой техники -> Планшеты и телефоны = 1.000
		ремонт(1;1.0), электроника(1;1.0)
Ремонт планшета asus k012		Ремонт цифровой техники -> Планшеты и телефоны
	OK found	Ремонт цифровой техники -> Планшеты и телефоны = 1.000
		ремонт(1;1.0), производитель электроники(1;1.0), производитель телефонов(1;1.0), производитель наушников(1;1.0), производитель смарт-часов(1;1.0), производитель планшетов(1;1.0), гаджет(1;1.0), электроника(1;1.0)
Заменить стекло на планшете Asus		Ремонт цифровой техники -> Планшеты и телефоны
	OK found	Ремонт цифровой техники -> Планшеты и телефоны = 1.000
		замена(1;1.0), glass(1;1.0), производитель электроники(1;1.0), производитель телефонов(1;1.0), производитель наушников(1;1.0), производитель смарт-часов(1;1.0), производитель планшетов(1;1.0), гаджет(1;1.0), электроника(1;1.0)
Ремонт телефона iРhone 6		Ремонт цифровой техники -> Планшеты и телефоны
	OK found	Ремонт цифровой техники -> Планшеты и телефоны = 1.000
		электроника(1;1.0), телефон(1;1.0), ремонт(1;1.0)
Ремонт планшета lenovo s6000		Ремонт цифровой техники -> Планшеты и телефоны
	OK found	Ремонт цифровой техники -> Планшеты и телефоны = 1.000
		производитель электроники(1;1.0), производитель телефонов(1;1.0), производитель наушников(1;1.0), производитель планшетов(1;1.0), гаджет(1;1.0), ремонт(1;1.0), электроника(1;1.0)
Ремонт iPhone 5s		Ремонт цифровой техники -> Планшеты и телефоны
	OK found	Ремонт цифровой техники -> Планшеты и телефоны = 1.000
		ремонт(1;1.0), гаджет(1;1.0)
Ремонт телефона Apple iPhone 5		Ремонт цифровой техники -> Планшеты и телефоны
	OK found	Ремонт цифровой техники -> Планшеты и телефоны = 1.000
		электроника(1;1.0), телефон(1;1.0), ремонт(1;1.0), производитель электроники(1;1.0), производитель телефонов(1;1.0), производитель наушников(1;1.0), производитель смарт-часов(1;1.0), производитель планшетов(1;1.0), гаджет(1;1.0), гаджет(1;1.0)
Заменить батарею на iPhone 5s		Ремонт цифровой техники -> Планшеты и телефоны
	OK found	Ремонт цифровой техники -> Планшеты и телефоны = 1.000
		гаджет(1;1.0), замена(1;1.0)
Ремонт телефона Iphone 4s		Ремонт цифровой техники -> Планшеты и телефоны
	OK found	Ремонт цифровой техники -> Планшеты и телефоны = 1.000
		электроника(1;1.0), телефон(1;1.0), гаджет(1;1.0), ремонт(1;1.0)
Прошивка телефона iPhone 5		Ремонт цифровой техники -> Планшеты и телефоны
	OK found	Ремонт цифровой техники -> Планшеты и телефоны = 1.000
		электроника(1;1.0), телефон(1;1.0), прошивка(1;1.0), гаджет(1;1.0)
Ремонт телефона Samsung Galaxy S III I9300		Ремонт цифровой техники -> Планшеты и телефоны
	OK found	Ремонт цифровой техники -> Планшеты и телефоны = 1.000
		электроника(1;1.0), телефон(1;1.0), производитель электроники(1;1.0), производитель телефонов(1;1.0), производитель фото(1;1.0), производитель наушников(1;1.0), производитель смарт-часов(1;1.0), производитель тв(1;1.0), производитель планшетов(1;1.0), гаджет(1;1.0), производитель планшетов(1;1.0), ремонт(1;1.0)
Заменить разбитый дисплей Iphone 5		Ремонт цифровой техники -> Планшеты и телефоны
	OK found	Ремонт цифровой техники -> Планшеты и телефоны = 1.000
		гаджет(1;1.0), замена(1;1.0), экран(1;1.0)
Ремонт телефона Samsung GALAXY S4		Ремонт цифровой техники -> Планшеты и телефоны
	OK found	Ремонт цифровой техники -> Планшеты и телефоны = 1.000
		электроника(1;1.0), телефон(1;1.0), производитель электроники(1;1.0), производитель телефонов(1;1.0), производитель фото(1;1.0), производитель наушников(1;1.0), производитель смарт-часов(1;1.0), производитель тв(1;1.0), производитель планшетов(1;1.0), гаджет(1;1.0), ремонт(1;1.0)
Ремонт телефона Iphone 5		Ремонт цифровой техники -> Планшеты и телефоны
	OK found	Ремонт цифровой техники -> Планшеты и телефоны = 1.000
		электроника(1;1.0), телефон(1;1.0), ремонт(1;1.0), гаджет(1;1.0)
Замени экран iPhone 6		Ремонт цифровой техники -> Планшеты и телефоны
	OK found	Ремонт цифровой техники -> Планшеты и телефоны = 1.000
		замена(1;1.0), экран(1;1.0), гаджет(1;1.0)
Ремонт телефона Fly		Ремонт цифровой техники -> Планшеты и телефоны
	OK found	Ремонт цифровой техники -> Планшеты и телефоны = 1.000
		производитель телефонов(1;1.0), производитель планшетов(1;1.0), электроника(1;1.0), телефон(1;1.0), ремонт(1;1.0)
Прошить телефон через FlashTool		Ремонт цифровой техники -> Планшеты и телефоны
	OK found	Ремонт цифровой техники -> Планшеты и телефоны = 1.000
		электроника(1;1.0), телефон(1;1.0), прошить(1;1.0)
Ремонт iPhone 5C		Ремонт цифровой техники -> Планшеты и телефоны
	OK found	Ремонт цифровой техники -> Планшеты и телефоны = 1.000
		ремонт(1;1.0), гаджет(1;1.0)
Заменить стекло на iPhone5S		Ремонт цифровой техники -> Планшеты и телефоны
	OK found	Ремонт цифровой техники -> Планшеты и телефоны = 1.000
		замена(1;1.0), glass(1;1.0)
Ремонт iPhone 5 в Алтуфьево		Ремонт цифровой техники -> Планшеты и телефоны
	OK found	Ремонт цифровой техники -> Планшеты и телефоны = 1.000
		ремонт(1;1.0), гаджет(1;1.0)
Айфон отремонтировать		Ремонт цифровой техники -> Планшеты и телефоны
	OK found	Ремонт цифровой техники -> Планшеты и телефоны = 1.000
		ремонт(1;1.0)
Отремонтировать телефон Galaxy GT-I9500		Ремонт цифровой техники -> Планшеты и телефоны
	OK found	Ремонт цифровой техники -> Планшеты и телефоны = 1.000
		электроника(1;1.0), телефон(1;1.0), ремонт(1;1.0)
Ремонт телефона Sony Xperia TX		Ремонт цифровой техники -> Планшеты и телефоны
	OK found	Ремонт цифровой техники -> Планшеты и телефоны = 1.000
		электроника(1;1.0), телефон(1;1.0), ремонт(1;1.0), производитель электроники(1;1.0), производитель телефонов(1;1.0), производитель фото(1;1.0), производитель наушников(1;1.0), производитель смарт-часов(1;1.0), производитель тв(1;1.0), производитель планшетов(1;1.0), гаджет(1;1.0)
Ремонт IPhone 5		Ремонт цифровой техники -> Планшеты и телефоны
	OK found	Ремонт цифровой техники -> Планшеты и телефоны = 1.000
		ремонт(1;1.0), гаджет(1;1.0)
Ремонт Айфона 5		Ремонт цифровой техники -> Планшеты и телефоны
	OK found	Ремонт цифровой техники -> Планшеты и телефоны = 1.000
		ремонт(1;1.0)
Ремонт планшета prestigio multipad 5580c		Ремонт цифровой техники -> Планшеты и телефоны
	OK found	Ремонт цифровой техники -> Планшеты и телефоны = 1.000
		производитель электроники(1;1.0), производитель телефонов(1;1.0), производитель наушников(1;1.0), производитель смарт-часов(1;1.0), производитель планшетов(1;1.0), ремонт(1;1.0), электроника(1;1.0)
Ремонт планшета Texet TM-9767 3G		Ремонт цифровой техники -> Планшеты и телефоны
	OK found	Ремонт цифровой техники -> Планшеты и телефоны = 1.000
		ремонт(1;1.0), производитель телефонов(1;1.0), производитель смарт-часов(1;1.0), производитель планшетов(1;1.0), электроника(1;1.0)
Ремонт телефона Samsung Galaxy Grand 2		Ремонт цифровой техники -> Планшеты и телефоны
	OK found	Ремонт цифровой техники -> Планшеты и телефоны = 1.000
		электроника(1;1.0), телефон(1;1.0), производитель электроники(1;1.0), производитель телефонов(1;1.0), производитель фото(1;1.0), производитель наушников(1;1.0), производитель смарт-часов(1;1.0), производитель тв(1;1.0), производитель планшетов(1;1.0), гаджет(1;1.0), ремонт(1;1.0)
Ремонт телефона Iphone 4S		Ремонт цифровой техники -> Планшеты и телефоны
	OK found	Ремонт цифровой техники -> Планшеты и телефоны = 1.000
		электроника(1;1.0), телефон(1;1.0), гаджет(1;1.0), ремонт(1;1.0)
Ремонт экрана телефона iPhone		Ремонт цифровой техники -> Планшеты и телефоны
	OK found	Ремонт цифровой техники -> Планшеты и телефоны = 1.000
		электроника(1;1.0), телефон(1;1.0), ремонт(1;1.0), экран(1;1.0), гаджет(1;1.0)
Ремонт телефона iPhone 5 в Солнечногорске		Ремонт цифровой техники -> Планшеты и телефоны
	OK found	Ремонт цифровой техники -> Планшеты и телефоны = 1.000
		электроника(1;1.0), телефон(1;1.0), ремонт(1;1.0), гаджет(1;1.0)
Ремонт телефона Nokia 625		Ремонт цифровой техники -> Планшеты и телефоны
	OK found	Ремонт цифровой техники -> Планшеты и телефоны = 1.000
		электроника(1;1.0), телефон(1;1.0), производитель телефонов(1;1.0), производитель наушников(1;1.0), производитель планшетов(1;1.0), ремонт(1;1.0)
Ремонт телефона Samsung Galaxy Note 2		Ремонт цифровой техники -> Планшеты и телефоны
	OK found	Ремонт цифровой техники -> Планшеты и телефоны = 1.000
		электроника(1;1.0), телефон(1;1.0), производитель электроники(1;1.0), производитель телефонов(1;1.0), производитель фото(1;1.0), производитель наушников(1;1.0), производитель смарт-часов(1;1.0), производитель тв(1;1.0), производитель планшетов(1;1.0), гаджет(1;1.0), ремонт(1;1.0)
Ремонт телефона Highscreen Thor		Ремонт цифровой техники -> Планшеты и телефоны
	OK found	Ремонт цифровой техники -> Планшеты и телефоны = 1.000
		электроника(1;1.0), телефон(1;1.0), производитель электроники(1;1.0), производитель телефонов(1;1.0), производитель планшетов(1;1.0), ремонт(1;1.0)
Ремонт телефонов Samsung s3 в СВАО		Ремонт цифровой техники -> Планшеты и телефоны
	OK found	Ремонт цифровой техники -> Планшеты и телефоны = 1.000
		электроника(1;1.0), телефон(1;1.0), производитель электроники(1;1.0), производитель телефонов(1;1.0), производитель фото(1;1.0), производитель наушников(1;1.0), производитель смарт-часов(1;1.0), производитель тв(1;1.0), производитель планшетов(1;1.0), гаджет(1;1.0), ремонт(1;1.0)
Ремонт планшета Asus Nexus 7		Ремонт цифровой техники -> Планшеты и телефоны
	OK found	Ремонт цифровой техники -> Планшеты и телефоны = 1.000
		ремонт(1;1.0), производитель электроники(1;1.0), производитель телефонов(1;1.0), производитель наушников(1;1.0), производитель смарт-часов(1;1.0), производитель планшетов(1;1.0), гаджет(1;1.0), электроника(1;1.0)
Поменять стекло телефона iPhone 5s		Ремонт цифровой техники -> Планшеты и телефоны
	OK found	Ремонт цифровой техники -> Планшеты и телефоны = 1.000
		замена(1;1.0), электроника(1;1.0), телефон(1;1.0), glass(1;1.0), гаджет(1;1.0)
Ремонт сотового телефона Samsung		Ремонт цифровой техники -> Планшеты и телефоны
	OK found	Ремонт цифровой техники -> Планшеты и телефоны = 1.000
		электроника(1;1.0), телефон(1;1.0), производитель электроники(1;1.0), производитель телефонов(1;1.0), производитель фото(1;1.0), производитель наушников(1;1.0), производитель смарт-часов(1;1.0), производитель тв(1;1.0), производитель планшетов(1;1.0), гаджет(1;1.0), ремонт(1;1.0)
Перепрошить телефон		Ремонт цифровой техники -> Планшеты и телефоны
	OK found	Ремонт цифровой техники -> Планшеты и телефоны = 1.000
		электроника(1;1.0), телефон(1;1.0), прошить(1;1.0)
Ремонт телефона HTC One (М8)		Ремонт цифровой техники -> Планшеты и телефоны
	OK found	Ремонт цифровой техники -> Планшеты и телефоны = 1.000
		электроника(1;1.0), телефон(1;1.0), производитель электроники(1;1.0), производитель телефонов(1;1.0), производитель наушников(1;1.0), производитель планшетов(1;1.0), гаджет(1;1.0), ремонт(1;1.0)
Ремонт телефона Samsung Galaxy S4		Ремонт цифровой техники -> Планшеты и телефоны
	OK found	Ремонт цифровой техники -> Планшеты и телефоны = 1.000
		электроника(1;1.0), телефон(1;1.0), производитель электроники(1;1.0), производитель телефонов(1;1.0), производитель фото(1;1.0), производитель наушников(1;1.0), производитель смарт-часов(1;1.0), производитель тв(1;1.0), производитель планшетов(1;1.0), гаджет(1;1.0), ремонт(1;1.0)
Отремонтировать телефон iPhone 4S		Ремонт цифровой техники -> Планшеты и телефоны
	OK found	Ремонт цифровой техники -> Планшеты и телефоны = 1.000
		электроника(1;1.0), телефон(1;1.0), ремонт(1;1.0), гаджет(1;1.0)
Отремонтировать планшет Samsung Tab 2 10.1		Ремонт цифровой техники -> Планшеты и телефоны
	OK found	Ремонт цифровой техники -> Планшеты и телефоны = 1.000
		производитель электроники(1;1.0), производитель телефонов(1;1.0), производитель фото(1;1.0), производитель наушников(1;1.0), производитель смарт-часов(1;1.0), производитель тв(1;1.0), производитель планшетов(1;1.0), гаджет(1;1.0), ремонт(1;1.0), электроника(1;1.0)
Поменять экран на айфон 4		Ремонт цифровой техники -> Планшеты и телефоны
	OK found	Ремонт цифровой техники -> Планшеты и телефоны = 1.000
		замена(1;1.0), экран(1;1.0)
Заменить дисплей на IPhone 5S		Ремонт цифровой техники -> Планшеты и телефоны
	OK found	Ремонт цифровой техники -> Планшеты и телефоны = 1.000
		замена(1;1.0), экран(1;1.0), гаджет(1;1.0)
Ремонт телефонов МТС		Ремонт цифровой техники -> Планшеты и телефоны
	OK found	Ремонт цифровой техники -> Планшеты и телефоны = 1.000
		производитель телефонов(1;1.0), производитель планшетов(1;1.0), электроника(1;1.0), телефон(1;1.0), ремонт(1;1.0)
Отремонтировать планшеты ( Зеленоград)		Ремонт цифровой техники -> Планшеты и телефоны
	OK found	Ремонт цифровой техники -> Планшеты и телефоны = 1.000
		ремонт(1;1.0), электроника(1;1.0)
iPhone 5: починить/почистить или заменить камеру		Ремонт цифровой техники -> Планшеты и телефоны
	OK found	Ремонт цифровой техники -> Планшеты и телефоны = 1.000
		очистка(1;1.0), электроника(1;1.0), замена(1;1.0), ремонт(1;1.0), гаджет(1;1.0)
Замена дисплея iPhone 4S белый		Ремонт цифровой техники -> Планшеты и телефоны
	OK found	Ремонт цифровой техники -> Планшеты и телефоны = 1.000
		замена(1;1.0), гаджет(1;1.0)
Ремонт планшета Asus Nexus 2013 LTE		Ремонт цифровой техники -> Планшеты и телефоны
	OK found	Ремонт цифровой техники -> Планшеты и телефоны = 1.000
		ремонт(1;1.0), производитель электроники(1;1.0), производитель телефонов(1;1.0), производитель наушников(1;1.0), производитель смарт-часов(1;1.0), производитель планшетов(1;1.0), гаджет(1;1.0), электроника(1;1.0)
Ремонт телефона iPhone 5 s		Ремонт цифровой техники -> Планшеты и телефоны
	OK found	Ремонт цифровой техники -> Планшеты и телефоны = 1.000
		электроника(1;1.0), телефон(1;1.0), ремонт(1;1.0), гаджет(1;1.0)
Ремонт айфон 5s		Ремонт цифровой техники -> Планшеты и телефоны
	OK found	Ремонт цифровой техники -> Планшеты и телефоны = 1.000
		ремонт(1;1.0)
Не включается Huawei Mate 6.1		Ремонт цифровой техники -> Планшеты и телефоны
	OK found	Ремонт цифровой техники -> Планшеты и телефоны = 1.000
		производитель телефонов(1;1.0), производитель смарт-часов(1;1.0), производитель планшетов(1;1.0)
Перепрошить планшет Asus Transformer Pad TF300TG		Ремонт цифровой техники -> Планшеты и телефоны
	OK found	Ремонт цифровой техники -> Планшеты и телефоны = 1.000
		прошить(1;1.0), производитель электроники(1;1.0), производитель телефонов(1;1.0), производитель наушников(1;1.0), производитель смарт-часов(1;1.0), производитель планшетов(1;1.0), гаджет(1;1.0), электроника(1;1.0)
Ремонт смартфона MegaFon Login 2		Ремонт цифровой техники -> Планшеты и телефоны
	OK found	Ремонт цифровой техники -> Планшеты и телефоны = 1.000
		электроника(1;1.0), телефон(1;1.0), ремонт(1;1.0)
Заменить USB-порт (mini-USB) на планшете Digma		Ремонт цифровой техники -> Планшеты и телефоны
	OK found	Ремонт цифровой техники -> Планшеты и телефоны = 1.000
		замена(1;1.0), производитель электроники(1;1.0), производитель телефонов(1;1.0), производитель планшетов(1;1.0), электроника(1;1.0)
Поменять стекло на ZTE Blade l2		Ремонт цифровой техники -> Планшеты и телефоны
	OK found	Ремонт цифровой техники -> Планшеты и телефоны = 1.000
		замена(1;1.0), производитель электроники(1;1.0), производитель телефонов(1;1.0), производитель планшетов(1;1.0), glass(1;1.0)
Отремонтировать телефон HTC Desire V		Ремонт цифровой техники -> Планшеты и телефоны
	OK found	Ремонт цифровой техники -> Планшеты и телефоны = 1.000
		электроника(1;1.0), телефон(1;1.0), производитель электроники(1;1.0), производитель телефонов(1;1.0), производитель наушников(1;1.0), производитель планшетов(1;1.0), гаджет(1;1.0), ремонт(1;1.0)
Перенастройка мини АТС Panasonic		Ремонт цифровой техники -> Планшеты и телефоны
	OK found	Ремонт цифровой техники -> Планшеты и телефоны = 1.000
		производитель электроники(1;1.0), производитель телефонов(1;1.0), производитель фото(1;1.0), производитель наушников(1;1.0), производитель тв(1;1.0), производитель планшетов(1;1.0)
Заменить стекло IPad Air		Ремонт цифровой техники -> Планшеты и телефоны
	OK found	Ремонт цифровой техники -> Планшеты и телефоны = 1.000
		гаджет(1;1.0), замена(1;1.0), glass(1;1.0)
Ремонт телефона Sony Z1		Ремонт цифровой техники -> Планшеты и телефоны
	OK found	Ремонт цифровой техники -> Планшеты и телефоны = 1.000
		электроника(1;1.0), телефон(1;1.0), ремонт(1;1.0), производитель электроники(1;1.0), производитель телефонов(1;1.0), производитель фото(1;1.0), производитель наушников(1;1.0), производитель смарт-часов(1;1.0), производитель тв(1;1.0), производитель планшетов(1;1.0), гаджет(1;1.0)
Ремонт телефона IPhone		Ремонт цифровой техники -> Планшеты и телефоны
	OK found	Ремонт цифровой техники -> Планшеты и телефоны = 1.000
		электроника(1;1.0), телефон(1;1.0), ремонт(1;1.0), гаджет(1;1.0)
Ремонт телефона Apple iPhone 4S		Ремонт цифровой техники -> Планшеты и телефоны
	OK found	Ремонт цифровой техники -> Планшеты и телефоны = 1.000
		электроника(1;1.0), телефон(1;1.0), ремонт(1;1.0), гаджет(1;1.0), производитель электроники(1;1.0), производитель телефонов(1;1.0), производитель наушников(1;1.0), производитель смарт-часов(1;1.0), производитель планшетов(1;1.0), гаджет(1;1.0)
Заменить стекло на айпэд мини первого поколения		Ремонт цифровой техники -> Планшеты и телефоны
	OK found	Ремонт цифровой техники -> Планшеты и телефоны = 1.000
		замена(1;1.0), glass(1;1.0)
Ремонт телефона Samsung Galaxy S5		Ремонт цифровой техники -> Планшеты и телефоны
	OK found	Ремонт цифровой техники -> Планшеты и телефоны = 1.000
		электроника(1;1.0), телефон(1;1.0), производитель электроники(1;1.0), производитель телефонов(1;1.0), производитель фото(1;1.0), производитель наушников(1;1.0), производитель смарт-часов(1;1.0), производитель тв(1;1.0), производитель планшетов(1;1.0), гаджет(1;1.0), ремонт(1;1.0)
Ремонт сотового телефона iphone 6		Ремонт цифровой техники -> Планшеты и телефоны
	OK found	Ремонт цифровой техники -> Планшеты и телефоны = 1.000
		электроника(1;1.0), телефон(1;1.0), ремонт(1;1.0), гаджет(1;1.0)
Ремонт сотового телефона Sony Xperia Z1		Ремонт цифровой техники -> Планшеты и телефоны
	OK found	Ремонт цифровой техники -> Планшеты и телефоны = 1.000
		электроника(1;1.0), телефон(1;1.0), ремонт(1;1.0), производитель электроники(1;1.0), производитель телефонов(1;1.0), производитель фото(1;1.0), производитель наушников(1;1.0), производитель смарт-часов(1;1.0), производитель тв(1;1.0), производитель планшетов(1;1.0), гаджет(1;1.0)
Замена стекла на планшете Asus		Ремонт цифровой техники -> Планшеты и телефоны
	OK found	Ремонт цифровой техники -> Планшеты и телефоны = 1.000
		замена(1;1.0), glass(1;1.0), производитель электроники(1;1.0), производитель телефонов(1;1.0), производитель наушников(1;1.0), производитель смарт-часов(1;1.0), производитель планшетов(1;1.0), гаджет(1;1.0), электроника(1;1.0)
Ремонт телефона Samsung Galaxy S3		Ремонт цифровой техники -> Планшеты и телефоны
	OK found	Ремонт цифровой техники -> Планшеты и телефоны = 1.000
		электроника(1;1.0), телефон(1;1.0), производитель электроники(1;1.0), производитель телефонов(1;1.0), производитель фото(1;1.0), производитель наушников(1;1.0), производитель смарт-часов(1;1.0), производитель тв(1;1.0), производитель планшетов(1;1.0), гаджет(1;1.0), ремонт(1;1.0)
Ремонт Apple IPHONE 5		Ремонт цифровой техники -> Планшеты и телефоны
	OK found	Ремонт цифровой техники -> Планшеты и телефоны = 1.000
		ремонт(1;1.0), производитель электроники(1;1.0), производитель телефонов(1;1.0), производитель наушников(1;1.0), производитель смарт-часов(1;1.0), производитель планшетов(1;1.0), гаджет(1;1.0), гаджет(1;1.0)
Ремонт экрана телефона Fly IQ4403		Ремонт цифровой техники -> Планшеты и телефоны
	OK found	Ремонт цифровой техники -> Планшеты и телефоны = 1.000
		производитель телефонов(1;1.0), производитель планшетов(1;1.0), электроника(1;1.0), телефон(1;1.0), ремонт(1;1.0), экран(1;1.0)
Ремонт телефона ALCATEL ONE TOUCH 5036D		Ремонт цифровой техники -> Планшеты и телефоны
	OK found	Ремонт цифровой техники -> Планшеты и телефоны = 1.000
		электроника(1;1.0), телефон(1;1.0), производитель электроники(1;1.0), производитель телефонов(1;1.0), производитель наушников(1;1.0), производитель смарт-часов(1;1.0), производитель планшетов(1;1.0), ремонт(1;1.0)
Ремонт сотового телефона Lenovo S720		Ремонт цифровой техники -> Планшеты и телефоны
	OK found	Ремонт цифровой техники -> Планшеты и телефоны = 1.000
		электроника(1;1.0), телефон(1;1.0), производитель электроники(1;1.0), производитель телефонов(1;1.0), производитель наушников(1;1.0), производитель планшетов(1;1.0), гаджет(1;1.0), ремонт(1;1.0)
Ремонт планшета Explay Informer 705		Ремонт цифровой техники -> Планшеты и телефоны
	OK found	Ремонт цифровой техники -> Планшеты и телефоны = 1.000
		ремонт(1;1.0), производитель телефонов(1;1.0), производитель наушников(1;1.0), производитель смарт-часов(1;1.0), производитель планшетов(1;1.0), электроника(1;1.0)
Ремонт планшета Samsung		Ремонт цифровой техники -> Планшеты и телефоны
	OK found	Ремонт цифровой техники -> Планшеты и телефоны = 1.000
		производитель электроники(1;1.0), производитель телефонов(1;1.0), производитель фото(1;1.0), производитель наушников(1;1.0), производитель смарт-часов(1;1.0), производитель тв(1;1.0), производитель планшетов(1;1.0), гаджет(1;1.0), ремонт(1;1.0), электроника(1;1.0)
Ремонт ноутбука MSi GX 60		Компьютерная помощь -> Ремонт компьютеров и ноутбуков
	OK found	Компьютерная помощь -> Ремонт компьютеров и ноутбуков = 1.000
		ремонт(1;1.0), производитель электроники(1;1.0), производитель планшетов(1;1.0), компьютер(1;1.0)
Помочь починить компьютер		Компьютерная помощь -> Ремонт компьютеров и ноутбуков
	OK found	Компьютерная помощь -> Ремонт компьютеров и ноутбуков = 1.000
		помощь(1;1.0), компьютер(1;1.0), ремонт(1;1.0)
Ремонт компьютеров		Компьютерная помощь -> Ремонт компьютеров и ноутбуков
	OK found	Компьютерная помощь -> Ремонт компьютеров и ноутбуков = 1.000
		компьютер(1;1.0), ремонт(1;1.0)
Поменять клавиатуру ноутбука		Компьютерная помощь -> Ремонт компьютеров и ноутбуков
	OK found	Компьютерная помощь -> Ремонт компьютеров и ноутбуков = 1.000
		замена(1;1.0), компьютер(1;1.0)
Ремонт ноутбука HP		Компьютерная помощь -> Ремонт компьютеров и ноутбуков
	OK found	Компьютерная помощь -> Ремонт компьютеров и ноутбуков = 1.000
		производитель электроники(1;1.0), производитель телефонов(1;1.0), производитель фото(1;1.0), производитель наушников(1;1.0), производитель планшетов(1;1.0), ремонт(1;1.0), компьютер(1;1.0)
Ремонт ноутбука Lenovo g505s		Компьютерная помощь -> Ремонт компьютеров и ноутбуков
	OK found	Компьютерная помощь -> Ремонт компьютеров и ноутбуков = 1.000
		производитель электроники(1;1.0), производитель телефонов(1;1.0), производитель наушников(1;1.0), производитель планшетов(1;1.0), гаджет(1;1.0), ремонт(1;1.0), компьютер(1;1.0)
Ремонт ноутбука		Компьютерная помощь -> Ремонт компьютеров и ноутбуков
	OK found	Компьютерная помощь -> Ремонт компьютеров и ноутбуков = 1.000
		ремонт(1;1.0), компьютер(1;1.0)
Отремонтировать ноутбук lenovo		Компьютерная помощь -> Ремонт компьютеров и ноутбуков
	OK found	Компьютерная помощь -> Ремонт компьютеров и ноутбуков = 1.000
		ремонт(1;1.0), производитель электроники(1;1.0), производитель телефонов(1;1.0), производитель наушников(1;1.0), производитель планшетов(1;1.0), гаджет(1;1.0), компьютер(1;1.0)
Починить ноутбук		Компьютерная помощь -> Ремонт компьютеров и ноутбуков
	OK found	Компьютерная помощь -> Ремонт компьютеров и ноутбуков = 1.000
		ремонт(1;1.0), компьютер(1;1.0)
Восстановить жесткий диск ноутбука		Компьютерная помощь -> Ремонт компьютеров и ноутбуков
	OK found	Компьютерная помощь -> Ремонт компьютеров и ноутбуков = 1.000
		компьютер(1;1.0), восстановление(1;1.0)
Диагностика и устранение неисправности компьютера		Компьютерная помощь -> Ремонт компьютеров и ноутбуков
	OK found	Компьютерная помощь -> Ремонт компьютеров и ноутбуков = 1.000
		диагностика(1;1.0), компьютер(1;1.0)
Ремонт ноутбуков в Ногинске		Компьютерная помощь -> Ремонт компьютеров и ноутбуков
	OK found	Компьютерная помощь -> Ремонт компьютеров и ноутбуков = 1.000
		ремонт(1;1.0), компьютер(1;1.0)
Почистить ноутбук HP Compaq Presario 58		Компьютерная помощь -> Ремонт компьютеров и ноутбуков
	OK found	Компьютерная помощь -> Ремонт компьютеров и ноутбуков = 1.000
		очистка(1;1.0), производитель электроники(1;1.0), производитель телефонов(1;1.0), производитель фото(1;1.0), производитель наушников(1;1.0), производитель планшетов(1;1.0), компьютер(1;1.0)
Отремонтировать ноутбук Packard bell		Компьютерная помощь -> Ремонт компьютеров и ноутбуков
	OK found	Компьютерная помощь -> Ремонт компьютеров и ноутбуков = 1.000
		производитель электроники(1;1.0), ремонт(1;1.0), компьютер(1;1.0), производитель электроники(1;1.0)
Ремонт двух ноутбуков		Компьютерная помощь -> Ремонт компьютеров и ноутбуков
	OK found	Компьютерная помощь -> Ремонт компьютеров и ноутбуков = 1.000
		ремонт(1;1.0), компьютер(1;1.0)
Ремонт системы охлаждения на ноутбуке		Компьютерная помощь -> Ремонт компьютеров и ноутбуков
	OK found	Компьютерная помощь -> Ремонт компьютеров и ноутбуков = 1.000
		ремонт(1;1.0), компьютер(1;1.0)
Ремонт ноутбука MacBook Pro 13		Компьютерная помощь -> Ремонт компьютеров и ноутбуков
	OK found	Компьютерная помощь -> Ремонт компьютеров и ноутбуков = 1.000
		ремонт(1;1.0), компьютер(1;1.0), гаджет(1;1.0)
Ремонт ноутбука Acer Aspire 9802AWKMi		Компьютерная помощь -> Ремонт компьютеров и ноутбуков
	OK found	Компьютерная помощь -> Ремонт компьютеров и ноутбуков = 1.000
		ремонт(1;1.0), компьютер(1;1.0), производитель электроники(1;1.0), производитель телефонов(1;1.0), производитель планшетов(1;1.0)
Вернуть ноутбук к жизни		Компьютерная помощь -> Ремонт компьютеров и ноутбуков
	OK found	Компьютерная помощь -> Ремонт компьютеров и ноутбуков = 1.000
		компьютер(1;1.0)
Отремонтировать ноутбук Samaung r475		Компьютерная помощь -> Ремонт компьютеров и ноутбуков
	OK found	Компьютерная помощь -> Ремонт компьютеров и ноутбуков = 1.000
		ремонт(1;1.0), компьютер(1;1.0)
Чистка 2-х ноутбуков		Компьютерная помощь -> Ремонт компьютеров и ноутбуков
	OK found	Компьютерная помощь -> Ремонт компьютеров и ноутбуков = 1.000
		компьютер(1;1.0), очистка(1;1.0)
Ремонт ноутбука HP Pavilion dv6		Компьютерная помощь -> Ремонт компьютеров и ноутбуков
	OK found	Компьютерная помощь -> Ремонт компьютеров и ноутбуков = 1.000
		производитель электроники(1;1.0), производитель телефонов(1;1.0), производитель фото(1;1.0), производитель наушников(1;1.0), производитель планшетов(1;1.0), компьютер(1;1.0), ремонт(1;1.0)
Ремонт ноутбука Sone Vaio VPSIB 3S1R		Компьютерная помощь -> Ремонт компьютеров и ноутбуков
	OK found	Компьютерная помощь -> Ремонт компьютеров и ноутбуков = 1.000
		компьютер(1;1.0), ремонт(1;1.0), производитель электроники(1;1.0), производитель телефонов(1;1.0), производитель фото(1;1.0), производитель наушников(1;1.0), производитель смарт-часов(1;1.0), производитель тв(1;1.0), производитель планшетов(1;1.0), гаджет(1;1.0)
Ремонт ноутбука Asus-X 550		Компьютерная помощь -> Ремонт компьютеров и ноутбуков
	OK found	Компьютерная помощь -> Ремонт компьютеров и ноутбуков = 1.000
		ремонт(1;1.0), компьютер(1;1.0)
Ремонт ноутбука Asus		Компьютерная помощь -> Ремонт компьютеров и ноутбуков
	OK found	Компьютерная помощь -> Ремонт компьютеров и ноутбуков = 1.000
		ремонт(1;1.0), компьютер(1;1.0), производитель электроники(1;1.0), производитель телефонов(1;1.0), производитель наушников(1;1.0), производитель смарт-часов(1;1.0), производитель планшетов(1;1.0), гаджет(1;1.0)
Ремонт ноутбука Lenovo y500		Компьютерная помощь -> Ремонт компьютеров и ноутбуков
	OK found	Компьютерная помощь -> Ремонт компьютеров и ноутбуков = 1.000
		производитель электроники(1;1.0), производитель телефонов(1;1.0), производитель наушников(1;1.0), производитель планшетов(1;1.0), гаджет(1;1.0), ремонт(1;1.0), компьютер(1;1.0)
Отремонтировать компьютер		Компьютерная помощь -> Ремонт компьютеров и ноутбуков
	OK found	Компьютерная помощь -> Ремонт компьютеров и ноутбуков = 1.000
		ремонт(1;1.0), компьютер(1;1.0)
Ремонт компьютера Depo		Компьютерная помощь -> Ремонт компьютеров и ноутбуков
	OK found	Компьютерная помощь -> Ремонт компьютеров и ноутбуков = 1.000
		компьютер(1;1.0), ремонт(1;1.0)
Подлечить два ноутбука		Компьютерная помощь -> Ремонт компьютеров и ноутбуков
	OK found	Компьютерная помощь -> Ремонт компьютеров и ноутбуков = 1.000
		компьютер(1;1.0)
Ремонт ноутбука Lenovo z500		Компьютерная помощь -> Ремонт компьютеров и ноутбуков
	OK found	Компьютерная помощь -> Ремонт компьютеров и ноутбуков = 1.000
		производитель электроники(1;1.0), производитель телефонов(1;1.0), производитель наушников(1;1.0), производитель планшетов(1;1.0), гаджет(1;1.0), ремонт(1;1.0), компьютер(1;1.0)
Почистить ноутбук		Компьютерная помощь -> Ремонт компьютеров и ноутбуков
	OK found	Компьютерная помощь -> Ремонт компьютеров и ноутбуков = 1.000
		очистка(1;1.0), компьютер(1;1.0)
Ремонт ноутбука Lenovo 590		Компьютерная помощь -> Ремонт компьютеров и ноутбуков
	OK found	Компьютерная помощь -> Ремонт компьютеров и ноутбуков = 1.000
		производитель электроники(1;1.0), производитель телефонов(1;1.0), производитель наушников(1;1.0), производитель планшетов(1;1.0), гаджет(1;1.0), ремонт(1;1.0), компьютер(1;1.0)
Почистить ноутбук VAIO VPC-Z		Компьютерная помощь -> Ремонт компьютеров и ноутбуков
	OK found	Компьютерная помощь -> Ремонт компьютеров и ноутбуков = 1.000
		очистка(1;1.0), компьютер(1;1.0)
Диагностика компьютера		Компьютерная помощь -> Ремонт компьютеров и ноутбуков
	OK found	Компьютерная помощь -> Ремонт компьютеров и ноутбуков = 1.000
		диагностика(1;1.0), компьютер(1;1.0)
Отремонтировать ноутбук		Компьютерная помощь -> Ремонт компьютеров и ноутбуков
	OK found	Компьютерная помощь -> Ремонт компьютеров и ноутбуков = 1.000
		компьютер(1;1.0), ремонт(1;1.0)
Отремонтировать ноутбук Asus K50AF		Компьютерная помощь -> Ремонт компьютеров и ноутбуков
	OK found	Компьютерная помощь -> Ремонт компьютеров и ноутбуков = 1.000
		ремонт(1;1.0), компьютер(1;1.0), производитель электроники(1;1.0), производитель телефонов(1;1.0), производитель наушников(1;1.0), производитель смарт-часов(1;1.0), производитель планшетов(1;1.0), гаджет(1;1.0)
Воскрешение компьютера		Компьютерная помощь -> Ремонт компьютеров и ноутбуков
	OK found	Компьютерная помощь -> Ремонт компьютеров и ноутбуков = 1.000
		компьютер(1;1.0)
Прочистить ноутбук		Компьютерная помощь -> Ремонт компьютеров и ноутбуков
	OK found	Компьютерная помощь -> Ремонт компьютеров и ноутбуков = 1.000
		очистка(1;1.0), компьютер(1;1.0)
Диагностика ноутбука		Компьютерная помощь -> Ремонт компьютеров и ноутбуков
	OK found	Компьютерная помощь -> Ремонт компьютеров и ноутбуков = 1.000
		диагностика(1;1.0), компьютер(1;1.0)
Ремонт ноутбука Acer		Компьютерная помощь -> Ремонт компьютеров и ноутбуков
	OK found	Компьютерная помощь -> Ремонт компьютеров и ноутбуков = 1.000
		ремонт(1;1.0), компьютер(1;1.0), производитель электроники(1;1.0), производитель телефонов(1;1.0), производитель планшетов(1;1.0)
Починить ноутбуки		Компьютерная помощь -> Ремонт компьютеров и ноутбуков
	OK found	Компьютерная помощь -> Ремонт компьютеров и ноутбуков = 1.000
		ремонт(1;1.0), компьютер(1;1.0)
Заменить разъём питания на ноутбуке		Компьютерная помощь -> Ремонт компьютеров и ноутбуков
	OK found	Компьютерная помощь -> Ремонт компьютеров и ноутбуков = 1.000
		компьютер(1;1.0), замена(1;1.0)
Ремонт ноутбука HP Pavilion DV6		Компьютерная помощь -> Ремонт компьютеров и ноутбуков
	OK found	Компьютерная помощь -> Ремонт компьютеров и ноутбуков = 1.000
		производитель электроники(1;1.0), производитель телефонов(1;1.0), производитель фото(1;1.0), производитель наушников(1;1.0), производитель планшетов(1;1.0), компьютер(1;1.0), ремонт(1;1.0)
Починить ноутбук Samsung np300		Компьютерная помощь -> Ремонт компьютеров и ноутбуков
	OK found	Компьютерная помощь -> Ремонт компьютеров и ноутбуков = 1.000
		производитель электроники(1;1.0), производитель телефонов(1;1.0), производитель фото(1;1.0), производитель наушников(1;1.0), производитель смарт-часов(1;1.0), производитель тв(1;1.0), производитель планшетов(1;1.0), гаджет(1;1.0), ремонт(1;1.0), компьютер(1;1.0)
Ремонт ноутбука Toshiba Satellite		Компьютерная помощь -> Ремонт компьютеров и ноутбуков
	OK found	Компьютерная помощь -> Ремонт компьютеров и ноутбуков = 1.000
		ремонт(1;1.0), компьютер(1;1.0), производитель электроники(1;1.0), производитель телефонов(1;1.0), производитель смарт-часов(1;1.0), производитель тв(1;1.0), производитель планшетов(1;1.0)
Помощь для ноутбука		Компьютерная помощь -> Ремонт компьютеров и ноутбуков
	OK found	Компьютерная помощь -> Ремонт компьютеров и ноутбуков = 1.000
		помощь(1;1.0), компьютер(1;1.0)
Ремонт ноутбук		Компьютерная помощь -> Ремонт компьютеров и ноутбуков
	OK found	Компьютерная помощь -> Ремонт компьютеров и ноутбуков = 1.000
		ремонт(1;1.0), компьютер(1;1.0)
Ремонт ноутбука Асус		Компьютерная помощь -> Ремонт компьютеров и ноутбуков
	OK found	Компьютерная помощь -> Ремонт компьютеров и ноутбуков = 1.000
		ремонт(1;1.0), компьютер(1;1.0)
Отремонтировать ноутбук Asus		Компьютерная помощь -> Ремонт компьютеров и ноутбуков
	OK found	Компьютерная помощь -> Ремонт компьютеров и ноутбуков = 1.000
		ремонт(1;1.0), компьютер(1;1.0), производитель электроники(1;1.0), производитель телефонов(1;1.0), производитель наушников(1;1.0), производитель смарт-часов(1;1.0), производитель планшетов(1;1.0), гаджет(1;1.0)
Ремонт ноутбуков		Компьютерная помощь -> Ремонт компьютеров и ноутбуков
	OK found	Компьютерная помощь -> Ремонт компьютеров и ноутбуков = 1.000
		ремонт(1;1.0), компьютер(1;1.0)
Ремонт ноутбука ASUS X555L		Компьютерная помощь -> Ремонт компьютеров и ноутбуков
	OK found	Компьютерная помощь -> Ремонт компьютеров и ноутбуков = 1.000
		ремонт(1;1.0), компьютер(1;1.0), производитель электроники(1;1.0), производитель телефонов(1;1.0), производитель наушников(1;1.0), производитель смарт-часов(1;1.0), производитель планшетов(1;1.0), гаджет(1;1.0)
Ремонт ноутбука Samsung RV511		Компьютерная помощь -> Ремонт компьютеров и ноутбуков
	OK found	Компьютерная помощь -> Ремонт компьютеров и ноутбуков = 1.000
		производитель электроники(1;1.0), производитель телефонов(1;1.0), производитель фото(1;1.0), производитель наушников(1;1.0), производитель смарт-часов(1;1.0), производитель тв(1;1.0), производитель планшетов(1;1.0), гаджет(1;1.0), ремонт(1;1.0), компьютер(1;1.0)
Почистить ноутбук Toshiba Satellite		Компьютерная помощь -> Ремонт компьютеров и ноутбуков
	OK found	Компьютерная помощь -> Ремонт компьютеров и ноутбуков = 1.000
		очистка(1;1.0), компьютер(1;1.0), производитель электроники(1;1.0), производитель телефонов(1;1.0), производитель смарт-часов(1;1.0), производитель тв(1;1.0), производитель планшетов(1;1.0)
Ремонт ноутбука Asus U31S		Компьютерная помощь -> Ремонт компьютеров и ноутбуков
	OK found	Компьютерная помощь -> Ремонт компьютеров и ноутбуков = 1.000
		ремонт(1;1.0), компьютер(1;1.0), производитель электроники(1;1.0), производитель телефонов(1;1.0), производитель наушников(1;1.0), производитель смарт-часов(1;1.0), производитель планшетов(1;1.0), гаджет(1;1.0)
Оптимизировать работу монитора и компьютера		Компьютерная помощь -> Ремонт компьютеров и ноутбуков
	OK found	Компьютерная помощь -> Ремонт компьютеров и ноутбуков = 1.000
		электроника(1;1.0), компьютер(1;1.0), work(1;1.0)
Ремонт ноутбука Аsus M51T		Компьютерная помощь -> Ремонт компьютеров и ноутбуков
	OK found	Компьютерная помощь -> Ремонт компьютеров и ноутбуков = 1.000
		ремонт(1;1.0), компьютер(1;1.0)
